{
      "phoneNumberEntered": "94887799",
      "defaultCountryEntered": "UY",
      "languageEntered": "en",
      "countryCode": "598",
      "nationalNumber": "94887799",
      "extension": "",
      "countryCodeSource": "FROM_DEFAULT_COUNTRY",
      "italianLeadingZero": false,
      "rawInput": "94887799",
      "isPossibleNumber": true,
      "isValidNumber": true,
      "isValidNumberForRegion": true,
      "phoneNumberRegion": "UY",
      "numberType": "MOBILE",
      "E164Format": "+59894887799",
      "originalFormat": "94 887 799",
      "nationalFormat": "094 887 799",
      "internationalFormat": "+598 94 887 799",
      "outOfCountryFormatFromUS": "011 598 94 887 799",
      "outOfCountryFormatFromCH": "00 598 94 887 799",
      "location": "Uruguay",
      "timeZone_s": "[America/Montevideo]",
      "carrier": "Movistar"
    }